<download-info>
	<current-version>1.4.2</current-version>
	<update>
		<os>Windows</os>
		<url>http://osdn.dl.sourceforge.net/sourceforge/jose-chess/jose-142-windows-update.zip</url>
		<mirrors>http://prdownloads.sourceforge.net/jose-chess/jose-142-windows-update.zip?download</mirrors>
		<type>zip</type>
		<size>10077260</size>
	</update>
	<update>
		<os>Linux_i386</os>
		<url>http://osdn.dl.sourceforge.net/sourceforge/jose-chess/jose-142-linux-update.zip</url>
		<mirrors>http://prdownloads.sourceforge.net/jose-chess/jose-142-linux-update.zip?download</mirrors>
		<type>zip</type>
		<size>10300140</size>
	</update>
	<update>
		<os>Mac</os>
		<url>http://osdn.dl.sourceforge.net/sourceforge/jose-chess/jose-142-macosx-update.zip</url>
		<mirrors>http://prdownloads.sourceforge.net/jose-chess/jose-142-macosx-update.zip?download</mirrors>
		<type>zip</type>
		<size>11487565</size>
	</update>
	<files>
		<host>http://prdownloads.sourceforge.net/jose-chess/</host>
		<!--suffix>?use_mirror=belnet</suffix-->
		<file key="jose-windows-jre">
			<path>jose-142-windows-jre.exe</path>
			<size>32866009</size>
		</file>
		<file key="jose-windows">
			<path>jose-142-windows.exe</path>
			<size>15325599</size>
		</file>
		<file key="jose-linux-jre">
			<path>jose-142-linux-jre.zip</path>
			<size>40405866</size>
		</file>
		<file key="jose-linux">
			<path>jose-142-linux.zip</path>
			<size>14647177</size>
		</file>
		<file key="jose-macosx">
			<path>jose-142-macosx.dmg</path>
			<size>14628251</size>
		</file>
		<file key="jose-upgrade-windows">
			<path>jose-142-windows-update.zip</path>
			<size>10077260</size>
		</file>
		<file key="jose-upgrade-linux">
			<path>jose-142-linux-update.zip</path>
			<size>10300140</size>
		</file>
		<file key="jose-upgrade-macosx">
			<path>jose-142-macosx-update.zip</path>
			<size>11487565</size>
		</file>
		<file key="j3d-windows">
			<path>jose-3d-132-windows.zip</path>
			<size>2485300</size>
		</file>
		<file key="j3d-linux">
			<path>jose-3d-132-linux.zip</path>
			<size>2290549</size>
		</file>
		<file key="bonus-textures">
			<path>bonus-textures.zip</path>
			<size>3530017</size>
		</file>
		<file key="jose-sounds">
			<path>jose-sounds.zip</path>
			<size>3533302</size>
		</file>
		<file key="db-10k">
			<path>database-10k.jose</path>
			<size>967605</size>
		</file>
		<file key="db-500k">
			<path>database-500k.jose</path>
			<size>42676590</size>
		</file>
		<file key="db-1700k">
			<path>database-1700k.jose</path>
			<size>138819752</size>
		</file>
		<file key="book-bin">
			<path>book.bin</path>
			<size>1544096</size>
		</file>
		<file key="book-small-bin">
			<path>book_small.bin</path>
			<size>72672</size>
		</file>
		<file key="dcbook-large-bin">
			<path>DCbook_large.zip</path>
			<size>3703842</size>
		</file>
		<file key="performance-bin">
			<path>Performance.bin</path>
			<size>1487264</size>
		</file>
		<file key="varied-bin">
			<path>Varied.bin</path>
			<size>1475664</size>
		</file>

		<url key="mac-j3d-download">
			http://www.apple.com/downloads/macosx/apple/java3dandjavaadvancedimagingupdate.html
		</url>
	</files>
	<history>
		<h3>1.3.6 (2005-10-08)</h3>
		<ul>
			<li>Fischer Random Chess / Chess 960, Shuffle Chess.</li>
		</ul>
		<h3>1.4.0 (2005-11-29)</h3>
		<ul>
			<li>Archive File Format</li>
		</ul>
		<h3>1.4.1 (2006-01-14)</h3>
		<ul>
			<li>Opening Books</li>
		</ul>
	</history>
</download-info>
